{"version": "1.0", "paths": {"floppyforms/openlayers/theme/default/img/zoom-panel-NOALPHA.png": "floppyforms/openlayers/theme/default/img/zoom-panel-NOALPHA.56e7770139d9.png", "floppyforms/openlayers/theme/default/img/pan-panel-NOALPHA.png": "floppyforms/openlayers/theme/default/img/pan-panel-NOALPHA.89d2ff519a28.png", "floppyforms/openlayers/theme/default/img/blank.gif": "floppyforms/openlayers/theme/default/img/blank.accba0b69f35.gif", "floppyforms/openlayers/theme/default/img/overview_replacement.gif": "floppyforms/openlayers/theme/default/img/overview_replacement.287e6e65fa94.gif", "floppyforms/openlayers/theme/default/img/navigation_history.png": "floppyforms/openlayers/theme/default/img/navigation_history.4b8e821f25c2.png", "floppyforms/openlayers/theme/default/img/save_features_on.png": "floppyforms/openlayers/theme/default/img/save_features_on.19ee21c23adb.png", "floppyforms/openlayers/theme/default/img/save_features_off.png": "floppyforms/openlayers/theme/default/img/save_features_off.32c5d0396556.png", "floppyforms/openlayers/theme/default/img/pan-panel.png": "floppyforms/openlayers/theme/default/img/pan-panel.34507bf844c1.png", "floppyforms/openlayers/theme/default/img/zoom-panel.png": "floppyforms/openlayers/theme/default/img/zoom-panel.7afd114eb450.png", "floppyforms/openlayers/theme/default/img/close.gif": "floppyforms/openlayers/theme/default/img/close.47bed3771e76.gif", "floppyforms/openlayers/theme/default/img/editing_tool_bar.png": "floppyforms/openlayers/theme/default/img/editing_tool_bar.326a1b7f698e.png", "bootstrap/fonts/glyphicons-halflings-regular.eot": "bootstrap/fonts/glyphicons-halflings-regular.aa16cd35628e.eot", "bootstrap/fonts/glyphicons-halflings-regular.woff": "bootstrap/fonts/glyphicons-halflings-regular.5eae1f7217b6.woff", "bootstrap/fonts/glyphicons-halflings-regular.ttf": "bootstrap/fonts/glyphicons-halflings-regular.47da44498fc0.ttf", "bootstrap/fonts/glyphicons-halflings-regular.svg": "bootstrap/fonts/glyphicons-halflings-regular.683eaa4b54a3.svg", "admin/img/nav-bg.gif": "admin/img/nav-bg.5dadb8cd9865.gif", "admin/img/nav-bg-selected.gif": "admin/img/nav-bg-selected.4ebddc881b37.gif", "admin/img/nav-bg-reverse.gif": "admin/img/nav-bg-reverse.bd4701ff1aeb.gif", "admin/img/sorting-icons.gif": "admin/img/sorting-icons.2a27f8855e6b.gif", "admin/img/nav-bg-grabber.gif": "admin/img/nav-bg-grabber.45d7c744bbe8.gif", "admin/img/default-bg.gif": "admin/img/default-bg.af816e70c828.gif", "admin/img/default-bg-reverse.gif": "admin/img/default-bg-reverse.2c9949b0bac0.gif", "admin/img/icon_success.gif": "admin/img/icon_success.08e6b9d922e1.gif", "admin/img/icon_alert.gif": "admin/img/icon_alert.572a03fff47e.gif", "admin/img/icon_error.gif": "admin/img/icon_error.d0272cd88394.gif", "admin/img/icon_addlink.gif": "admin/img/icon_addlink.27872b1581c4.gif", "admin/img/icon_changelink.gif": "admin/img/icon_changelink.76183412227f.gif", "admin/img/icon_deletelink.gif": "admin/img/icon_deletelink.b797f0120322.gif", "admin/img/tooltag-arrowright.png": "admin/img/tooltag-arrowright.5aa2c86314d7.png", "admin/img/tooltag-add.png": "admin/img/tooltag-add.2152fd3b4a4d.png", "admin/img/changelist-bg.gif": "admin/img/changelist-bg.eaa563daae2a.gif", "admin/css/widgets.css": "admin/css/widgets.2753875e2781.css", "admin/img/selector-search.gif": "admin/img/selector-search.a5de786630be.gif", "admin/img/inline-delete-8bit.png": "admin/img/inline-delete-8bit.1c135ffae5f0.png", "admin/img/changelist-bg_rtl.gif": "admin/img/changelist-bg_rtl.db38ab536edc.gif", "admin/img/selector-icons.gif": "admin/img/selector-icons.4549da0d5c7f.gif", "admin/img/deleted-overlay.gif": "admin/img/deleted-overlay.1cd28ce73d7d.gif", "admin/img/inline-restore.png": "admin/img/inline-restore.a14579a2580f.png", "admin/img/inline-delete.png": "admin/img/inline-delete.4df86317f5c4.png", "admin/img/inline-splitter-bg.gif": "admin/img/inline-splitter-bg.3d67b08b4771.gif", "rest_framework/img/grid.png": "rest_framework/img/grid.a4b938cf382b.png", "rest_framework/fonts/glyphicons-halflings-regular.eot": "rest_framework/fonts/glyphicons-halflings-regular.f4769f9bdb74.eot", "rest_framework/fonts/glyphicons-halflings-regular.woff2": "rest_framework/fonts/glyphicons-halflings-regular.448c34a56d69.woff2", "rest_framework/fonts/glyphicons-halflings-regular.woff": "rest_framework/fonts/glyphicons-halflings-regular.fa2772327f55.woff", "rest_framework/fonts/glyphicons-halflings-regular.ttf": "rest_framework/fonts/glyphicons-halflings-regular.e18bbf611f2a.ttf", "rest_framework/fonts/glyphicons-halflings-regular.svg": "rest_framework/fonts/glyphicons-halflings-regular.89889688147b.svg", "vickrey_auction/jquery-ui/images/ui-bg_flat_75_ffffff_40x100.png": "vickrey_auction/jquery-ui/images/ui-bg_flat_75_ffffff_40x100.beca85f644d2.png", "vickrey_auction/jquery-ui/images/ui-bg_highlight-soft_75_cccccc_1x100.png": "vickrey_auction/jquery-ui/images/ui-bg_highlight-soft_75_cccccc_1x100.5a575b6f1529.png", "vickrey_auction/jquery-ui/images/ui-bg_glass_75_e6e6e6_1x400.png": "vickrey_auction/jquery-ui/images/ui-bg_glass_75_e6e6e6_1x400.0cb40e5b899d.png", "vickrey_auction/jquery-ui/images/ui-bg_glass_75_dadada_1x400.png": "vickrey_auction/jquery-ui/images/ui-bg_glass_75_dadada_1x400.3c06259f8823.png", "vickrey_auction/jquery-ui/images/ui-bg_glass_65_ffffff_1x400.png": "vickrey_auction/jquery-ui/images/ui-bg_glass_65_ffffff_1x400.0de77c2db9ee.png", "vickrey_auction/jquery-ui/images/ui-bg_glass_55_fbf9ee_1x400.png": "vickrey_auction/jquery-ui/images/ui-bg_glass_55_fbf9ee_1x400.4804443cd111.png", "vickrey_auction/jquery-ui/images/ui-bg_glass_95_fef1ec_1x400.png": "vickrey_auction/jquery-ui/images/ui-bg_glass_95_fef1ec_1x400.440f3af1ea70.png", "vickrey_auction/jquery-ui/images/ui-icons_222222_256x240.png": "vickrey_auction/jquery-ui/images/ui-icons_222222_256x240.3a3c5468f484.png", "vickrey_auction/jquery-ui/images/ui-icons_888888_256x240.png": "vickrey_auction/jquery-ui/images/ui-icons_888888_256x240.6cc57703e2f2.png", "vickrey_auction/jquery-ui/images/ui-icons_454545_256x240.png": "vickrey_auction/jquery-ui/images/ui-icons_454545_256x240.3b001ae33bd7.png", "vickrey_auction/jquery-ui/images/ui-icons_2e83ff_256x240.png": "vickrey_auction/jquery-ui/images/ui-icons_2e83ff_256x240.d92acecad29d.png", "vickrey_auction/jquery-ui/images/ui-icons_cd0a0a_256x240.png": "vickrey_auction/jquery-ui/images/ui-icons_cd0a0a_256x240.fdc58c14e91f.png", "vickrey_auction/jquery-ui/images/ui-bg_flat_0_aaaaaa_40x100.png": "vickrey_auction/jquery-ui/images/ui-bg_flat_0_aaaaaa_40x100.214a3dcea5ef.png", "floppyforms\\openlayers\\theme\\default\\img\\add_point_off.png": "floppyforms\\openlayers\\theme\\default\\img\\add_point_off.8c31e3804f99.png", "floppyforms\\openlayers\\theme\\default\\img\\add_point_on.png": "floppyforms\\openlayers\\theme\\default\\img\\add_point_on.7d8c8713c69c.png", "floppyforms\\openlayers\\theme\\default\\img\\blank.gif": "floppyforms\\openlayers\\theme\\default\\img\\blank.accba0b69f35.gif", "floppyforms\\openlayers\\theme\\default\\img\\close.gif": "floppyforms\\openlayers\\theme\\default\\img\\close.47bed3771e76.gif", "floppyforms\\openlayers\\theme\\default\\img\\drag-rectangle-off.png": "floppyforms\\openlayers\\theme\\default\\img\\drag-rectangle-off.5cf60da0397c.png", "floppyforms\\openlayers\\theme\\default\\img\\drag-rectangle-on.png": "floppyforms\\openlayers\\theme\\default\\img\\drag-rectangle-on.500c9de670c9.png", "floppyforms\\openlayers\\theme\\default\\img\\draw_line_off.png": "floppyforms\\openlayers\\theme\\default\\img\\draw_line_off.4cf10c1c8ac9.png", "floppyforms\\openlayers\\theme\\default\\img\\draw_line_on.png": "floppyforms\\openlayers\\theme\\default\\img\\draw_line_on.2e1052ec2a0f.png", "floppyforms\\openlayers\\theme\\default\\img\\draw_point_off.png": "floppyforms\\openlayers\\theme\\default\\img\\draw_point_off.ac8ee9a75c70.png", "floppyforms\\openlayers\\theme\\default\\img\\draw_point_on.png": "floppyforms\\openlayers\\theme\\default\\img\\draw_point_on.a36c93ca0d03.png", "floppyforms\\openlayers\\theme\\default\\img\\draw_polygon_off.png": "floppyforms\\openlayers\\theme\\default\\img\\draw_polygon_off.e1aa48966666.png", "floppyforms\\openlayers\\theme\\default\\img\\draw_polygon_on.png": "floppyforms\\openlayers\\theme\\default\\img\\draw_polygon_on.a8cc98986b2e.png", "floppyforms\\openlayers\\theme\\default\\img\\editing_tool_bar.png": "floppyforms\\openlayers\\theme\\default\\img\\editing_tool_bar.326a1b7f698e.png", "floppyforms\\openlayers\\theme\\default\\img\\move_feature_off.png": "floppyforms\\openlayers\\theme\\default\\img\\move_feature_off.5cb79d02ad66.png", "floppyforms\\openlayers\\theme\\default\\img\\move_feature_on.png": "floppyforms\\openlayers\\theme\\default\\img\\move_feature_on.abed81dd34c9.png", "floppyforms\\openlayers\\theme\\default\\img\\navigation_history.png": "floppyforms\\openlayers\\theme\\default\\img\\navigation_history.4b8e821f25c2.png", "floppyforms\\openlayers\\theme\\default\\img\\overview_replacement.gif": "floppyforms\\openlayers\\theme\\default\\img\\overview_replacement.287e6e65fa94.gif", "floppyforms\\openlayers\\theme\\default\\img\\pan-panel-NOALPHA.png": "floppyforms\\openlayers\\theme\\default\\img\\pan-panel-NOALPHA.89d2ff519a28.png", "floppyforms\\openlayers\\theme\\default\\img\\pan-panel.png": "floppyforms\\openlayers\\theme\\default\\img\\pan-panel.34507bf844c1.png", "floppyforms\\openlayers\\theme\\default\\img\\panning-hand-off.png": "floppyforms\\openlayers\\theme\\default\\img\\panning-hand-off.53a3c059f818.png", "floppyforms\\openlayers\\theme\\default\\img\\panning-hand-on.png": "floppyforms\\openlayers\\theme\\default\\img\\panning-hand-on.b6ee44f31b6f.png", "floppyforms\\openlayers\\theme\\default\\img\\pan_off.png": "floppyforms\\openlayers\\theme\\default\\img\\pan_off.0e73ed9ec3ee.png", "floppyforms\\openlayers\\theme\\default\\img\\pan_on.png": "floppyforms\\openlayers\\theme\\default\\img\\pan_on.68b0066e3854.png", "floppyforms\\openlayers\\theme\\default\\img\\remove_point_off.png": "floppyforms\\openlayers\\theme\\default\\img\\remove_point_off.7878ef81696c.png", "floppyforms\\openlayers\\theme\\default\\img\\remove_point_on.png": "floppyforms\\openlayers\\theme\\default\\img\\remove_point_on.94c9e2975d00.png", "floppyforms\\openlayers\\theme\\default\\img\\ruler.png": "floppyforms\\openlayers\\theme\\default\\img\\ruler.e920452ca7e7.png", "floppyforms\\openlayers\\theme\\default\\img\\save_features_off.png": "floppyforms\\openlayers\\theme\\default\\img\\save_features_off.32c5d0396556.png", "floppyforms\\openlayers\\theme\\default\\img\\save_features_on.png": "floppyforms\\openlayers\\theme\\default\\img\\save_features_on.19ee21c23adb.png", "floppyforms\\openlayers\\theme\\default\\img\\view_next_off.png": "floppyforms\\openlayers\\theme\\default\\img\\view_next_off.29d08d624a04.png", "floppyforms\\openlayers\\theme\\default\\img\\view_next_on.png": "floppyforms\\openlayers\\theme\\default\\img\\view_next_on.6ed05ec51aa2.png", "floppyforms\\openlayers\\theme\\default\\img\\view_previous_off.png": "floppyforms\\openlayers\\theme\\default\\img\\view_previous_off.e43042f7941b.png", "floppyforms\\openlayers\\theme\\default\\img\\view_previous_on.png": "floppyforms\\openlayers\\theme\\default\\img\\view_previous_on.6be7f9af15e3.png", "floppyforms\\openlayers\\theme\\default\\img\\zoom-panel-NOALPHA.png": "floppyforms\\openlayers\\theme\\default\\img\\zoom-panel-NOALPHA.56e7770139d9.png", "floppyforms\\openlayers\\theme\\default\\img\\zoom-panel.png": "floppyforms\\openlayers\\theme\\default\\img\\zoom-panel.7afd114eb450.png", "floppyforms\\openlayers\\theme\\default\\google.css": "floppyforms/openlayers/theme/default/google.eb2b2e4a09b4.css", "floppyforms\\openlayers\\theme\\default\\ie6-style.css": "floppyforms/openlayers/theme/default/ie6-style.97e9508128e3.css", "floppyforms\\openlayers\\theme\\default\\style.css": "floppyforms/openlayers/theme/default/style.d913ca3244cd.css", "floppyforms\\openlayers\\theme\\default\\style.mobile.css": "floppyforms/openlayers/theme/default/style.mobile.fd9cb0567337.css", "floppyforms\\gis\\img\\move_vertex_off.png": "floppyforms\\gis\\img\\move_vertex_off.93ee41d8cad9.png", "floppyforms\\gis\\img\\move_vertex_on.png": "floppyforms\\gis\\img\\move_vertex_on.99be2571b3f6.png", "admin\\img\\gis\\move_vertex_off.png": "admin\\img\\gis\\move_vertex_off.93ee41d8cad9.png", "admin\\img\\gis\\move_vertex_on.png": "admin\\img\\gis\\move_vertex_on.99be2571b3f6.png", "admin\\js\\admin\\DateTimeShortcuts.js": "admin\\js\\admin\\DateTimeShortcuts.140919a6a17e.js", "admin\\js\\admin\\RelatedObjectLookups.js": "admin\\js\\admin\\RelatedObjectLookups.58b2336c1e19.js", "vickrey_auction\\jquery-ui\\images\\ui-bg_flat_0_aaaaaa_40x100.png": "vickrey_auction\\jquery-ui\\images\\ui-bg_flat_0_aaaaaa_40x100.214a3dcea5ef.png", "vickrey_auction\\jquery-ui\\images\\ui-bg_flat_75_ffffff_40x100.png": "vickrey_auction\\jquery-ui\\images\\ui-bg_flat_75_ffffff_40x100.beca85f644d2.png", "vickrey_auction\\jquery-ui\\images\\ui-bg_glass_55_fbf9ee_1x400.png": "vickrey_auction\\jquery-ui\\images\\ui-bg_glass_55_fbf9ee_1x400.4804443cd111.png", "vickrey_auction\\jquery-ui\\images\\ui-bg_glass_65_ffffff_1x400.png": "vickrey_auction\\jquery-ui\\images\\ui-bg_glass_65_ffffff_1x400.0de77c2db9ee.png", "vickrey_auction\\jquery-ui\\images\\ui-bg_glass_75_dadada_1x400.png": "vickrey_auction\\jquery-ui\\images\\ui-bg_glass_75_dadada_1x400.3c06259f8823.png", "vickrey_auction\\jquery-ui\\images\\ui-bg_glass_75_e6e6e6_1x400.png": "vickrey_auction\\jquery-ui\\images\\ui-bg_glass_75_e6e6e6_1x400.0cb40e5b899d.png", "vickrey_auction\\jquery-ui\\images\\ui-bg_glass_95_fef1ec_1x400.png": "vickrey_auction\\jquery-ui\\images\\ui-bg_glass_95_fef1ec_1x400.440f3af1ea70.png", "vickrey_auction\\jquery-ui\\images\\ui-bg_highlight-soft_75_cccccc_1x100.png": "vickrey_auction\\jquery-ui\\images\\ui-bg_highlight-soft_75_cccccc_1x100.5a575b6f1529.png", "vickrey_auction\\jquery-ui\\images\\ui-icons_222222_256x240.png": "vickrey_auction\\jquery-ui\\images\\ui-icons_222222_256x240.3a3c5468f484.png", "vickrey_auction\\jquery-ui\\images\\ui-icons_2e83ff_256x240.png": "vickrey_auction\\jquery-ui\\images\\ui-icons_2e83ff_256x240.d92acecad29d.png", "vickrey_auction\\jquery-ui\\images\\ui-icons_454545_256x240.png": "vickrey_auction\\jquery-ui\\images\\ui-icons_454545_256x240.3b001ae33bd7.png", "vickrey_auction\\jquery-ui\\images\\ui-icons_888888_256x240.png": "vickrey_auction\\jquery-ui\\images\\ui-icons_888888_256x240.6cc57703e2f2.png", "vickrey_auction\\jquery-ui\\images\\ui-icons_cd0a0a_256x240.png": "vickrey_auction\\jquery-ui\\images\\ui-icons_cd0a0a_256x240.fdc58c14e91f.png", "bootstrap\\css\\bootstrap-theme.css": "bootstrap/css/bootstrap-theme.49183396e328.css", "bootstrap\\css\\bootstrap-theme.min.css": "bootstrap/css/bootstrap-theme.min.699d7c3f5881.css", "bootstrap\\css\\bootstrap.css": "bootstrap/css/bootstrap.5603fea2573b.css", "bootstrap\\css\\bootstrap.min.css": "bootstrap/css/bootstrap.min.1e43cf193e72.css", "bootstrap\\fonts\\glyphicons-halflings-regular.eot": "bootstrap\\fonts\\glyphicons-halflings-regular.aa16cd35628e.eot", "bootstrap\\fonts\\glyphicons-halflings-regular.svg": "bootstrap\\fonts\\glyphicons-halflings-regular.683eaa4b54a3.svg", "bootstrap\\fonts\\glyphicons-halflings-regular.ttf": "bootstrap\\fonts\\glyphicons-halflings-regular.47da44498fc0.ttf", "bootstrap\\fonts\\glyphicons-halflings-regular.woff": "bootstrap\\fonts\\glyphicons-halflings-regular.5eae1f7217b6.woff", "bootstrap\\js\\bootstrap.js": "bootstrap\\js\\bootstrap.4a78b07eab52.js", "bootstrap\\js\\bootstrap.min.js": "bootstrap\\js\\bootstrap.min.a4d202d2888c.js", "otree\\css\\table.css": "otree/css/table.7c1dcd283b11.css", "otree\\css\\theme.css": "otree/css/theme.249b78fbf449.css", "otree\\js\\init_widgets.js": "otree\\js\\init_widgets.c655334239da.js", "otree\\js\\jquery.animate-colors-min.js": "otree\\js\\jquery.animate-colors-min.fb0eb5d05c0b.js", "otree\\js\\jquery.animate-colors.js": "otree\\js\\jquery.animate-colors.06edd9739ece.js", "otree\\js\\jquery.color-2.1.2.min.js": "otree\\js\\jquery.color-2.1.2.min.b85c13cd81b8.js", "otree\\js\\jquery.countdown.js": "otree\\js\\jquery.countdown.bf7463b351fe.js", "otree\\js\\jquery.min.js": "otree\\js\\jquery.min.85c28946e922.js", "otree\\js\\jquery.timeago.js": "otree\\js\\jquery.timeago.28da9e599c5a.js", "otree\\js\\jsondiffpatch.min.js": "otree\\js\\jsondiffpatch.min.6e0046de8367.js", "otree\\js\\jsondiffpatch.min.map": "otree\\js\\jsondiffpatch.min.4cb2273e6075.map", "otree\\js\\reconnecting-websocket.js": "otree\\js\\reconnecting-websocket.7e23ddc97099.js", "otree\\js\\reconnecting-websocket.min.js": "otree\\js\\reconnecting-websocket.min.f760a2a81ef7.js", "otree\\js\\table-utils.js": "otree\\js\\table-utils.614b78867ddc.js", "floppyforms\\js\\MapWidget.js": "floppyforms\\js\\MapWidget.679a9c02250f.js", "floppyforms\\openlayers\\OpenLayers.js": "floppyforms\\openlayers\\OpenLayers.0af0b3c24528.js", "admin\\css\\base.css": "admin/css/base.f0d165989b77.css", "admin\\css\\changelists.css": "admin/css/changelists.facd9faec460.css", "admin\\css\\dashboard.css": "admin/css/dashboard.4898e2e9983d.css", "admin\\css\\forms.css": "admin/css/forms.4d10ed9b5ee5.css", "admin\\css\\ie.css": "admin/css/ie.2ca52592ccf6.css", "admin\\css\\login.css": "admin/css/login.9ee3563a2bfe.css", "admin\\css\\rtl.css": "admin/css/rtl.b619957e18c9.css", "admin\\css\\widgets.css": "admin/css/widgets.2753875e2781.css", "admin\\img\\changelist-bg.gif": "admin\\img\\changelist-bg.eaa563daae2a.gif", "admin\\img\\changelist-bg_rtl.gif": "admin\\img\\changelist-bg_rtl.db38ab536edc.gif", "admin\\img\\default-bg-reverse.gif": "admin\\img\\default-bg-reverse.2c9949b0bac0.gif", "admin\\img\\default-bg.gif": "admin\\img\\default-bg.af816e70c828.gif", "admin\\img\\deleted-overlay.gif": "admin\\img\\deleted-overlay.1cd28ce73d7d.gif", "admin\\img\\icon-no.gif": "admin\\img\\icon-no.2888642640a3.gif", "admin\\img\\icon-unknown.gif": "admin\\img\\icon-unknown.662022bb6ab0.gif", "admin\\img\\icon-yes.gif": "admin\\img\\icon-yes.0596085e212f.gif", "admin\\img\\icon_addlink.gif": "admin\\img\\icon_addlink.27872b1581c4.gif", "admin\\img\\icon_alert.gif": "admin\\img\\icon_alert.572a03fff47e.gif", "admin\\img\\icon_calendar.gif": "admin\\img\\icon_calendar.b4704fc81e9d.gif", "admin\\img\\icon_changelink.gif": "admin\\img\\icon_changelink.76183412227f.gif", "admin\\img\\icon_clock.gif": "admin\\img\\icon_clock.d65ba15015dd.gif", "admin\\img\\icon_deletelink.gif": "admin\\img\\icon_deletelink.b797f0120322.gif", "admin\\img\\icon_error.gif": "admin\\img\\icon_error.d0272cd88394.gif", "admin\\img\\icon_searchbox.png": "admin\\img\\icon_searchbox.46952c2c6973.png", "admin\\img\\icon_success.gif": "admin\\img\\icon_success.08e6b9d922e1.gif", "admin\\img\\inline-delete-8bit.png": "admin\\img\\inline-delete-8bit.1c135ffae5f0.png", "admin\\img\\inline-delete.png": "admin\\img\\inline-delete.4df86317f5c4.png", "admin\\img\\inline-restore-8bit.png": "admin\\img\\inline-restore-8bit.19cd843fa6f9.png", "admin\\img\\inline-restore.png": "admin\\img\\inline-restore.a14579a2580f.png", "admin\\img\\inline-splitter-bg.gif": "admin\\img\\inline-splitter-bg.3d67b08b4771.gif", "admin\\img\\nav-bg-grabber.gif": "admin\\img\\nav-bg-grabber.45d7c744bbe8.gif", "admin\\img\\nav-bg-reverse.gif": "admin\\img\\nav-bg-reverse.bd4701ff1aeb.gif", "admin\\img\\nav-bg-selected.gif": "admin\\img\\nav-bg-selected.4ebddc881b37.gif", "admin\\img\\nav-bg.gif": "admin\\img\\nav-bg.5dadb8cd9865.gif", "admin\\img\\selector-icons.gif": "admin\\img\\selector-icons.4549da0d5c7f.gif", "admin\\img\\selector-search.gif": "admin\\img\\selector-search.a5de786630be.gif", "admin\\img\\sorting-icons.gif": "admin\\img\\sorting-icons.2a27f8855e6b.gif", "admin\\img\\tooltag-add.png": "admin\\img\\tooltag-add.2152fd3b4a4d.png", "admin\\img\\tooltag-arrowright.png": "admin\\img\\tooltag-arrowright.5aa2c86314d7.png", "admin\\js\\actions.js": "admin\\js\\actions.42b74ac13f07.js", "admin\\js\\actions.min.js": "admin\\js\\actions.min.2893760b9e40.js", "admin\\js\\calendar.js": "admin\\js\\calendar.df720acbe7bb.js", "admin\\js\\collapse.js": "admin\\js\\collapse.c781bafaf192.js", "admin\\js\\collapse.min.js": "admin\\js\\collapse.min.bf4e82bb444b.js", "admin\\js\\core.js": "admin\\js\\core.78280057239a.js", "admin\\js\\inlines.js": "admin\\js\\inlines.ec5c4bfbf84d.js", "admin\\js\\inlines.min.js": "admin\\js\\inlines.min.e3cd9638369f.js", "admin\\js\\jquery.init.js": "admin\\js\\jquery.init.575b5609d57c.js", "admin\\js\\jquery.js": "admin\\js\\jquery.c0b3962f9f23.js", "admin\\js\\jquery.min.js": "admin\\js\\jquery.min.5790ead7ad3b.js", "admin\\js\\LICENSE-JQUERY.txt": "admin\\js\\LICENSE-JQUERY.3c2025538601.txt", "admin\\js\\prepopulate.js": "admin\\js\\prepopulate.cd237b18d36c.js", "admin\\js\\prepopulate.min.js": "admin\\js\\prepopulate.min.4479f53b704f.js", "admin\\js\\related-widget-wrapper.js": "admin\\js\\related-widget-wrapper.3641d148e433.js", "admin\\js\\SelectBox.js": "admin\\js\\SelectBox.df843afcc450.js", "admin\\js\\SelectFilter2.js": "admin\\js\\SelectFilter2.54a4515a9134.js", "admin\\js\\timeparse.js": "admin\\js\\timeparse.a298a7ede5c3.js", "admin\\js\\urlify.js": "admin\\js\\urlify.687bc28c85b7.js", "rest_framework\\css\\bootstrap-tweaks.css": "rest_framework/css/bootstrap-tweaks.1464ccce96f5.css", "rest_framework\\css\\bootstrap.min.css": "rest_framework/css/bootstrap.min.ec3bb52a00e1.css", "rest_framework\\css\\default.css": "rest_framework/css/default.713cbe203060.css", "rest_framework\\css\\prettify.css": "rest_framework/css/prettify.a987f72342ee.css", "rest_framework\\fonts\\glyphicons-halflings-regular.eot": "rest_framework\\fonts\\glyphicons-halflings-regular.f4769f9bdb74.eot", "rest_framework\\fonts\\glyphicons-halflings-regular.svg": "rest_framework\\fonts\\glyphicons-halflings-regular.89889688147b.svg", "rest_framework\\fonts\\glyphicons-halflings-regular.ttf": "rest_framework\\fonts\\glyphicons-halflings-regular.e18bbf611f2a.ttf", "rest_framework\\fonts\\glyphicons-halflings-regular.woff": "rest_framework\\fonts\\glyphicons-halflings-regular.fa2772327f55.woff", "rest_framework\\fonts\\glyphicons-halflings-regular.woff2": "rest_framework\\fonts\\glyphicons-halflings-regular.448c34a56d69.woff2", "rest_framework\\img\\glyphicons-halflings-white.png": "rest_framework\\img\\glyphicons-halflings-white.9bbc6e960299.png", "rest_framework\\img\\glyphicons-halflings.png": "rest_framework\\img\\glyphicons-halflings.90233c9067e9.png", "rest_framework\\img\\grid.png": "rest_framework\\img\\grid.a4b938cf382b.png", "rest_framework\\js\\ajax-form.js": "rest_framework\\js\\ajax-form.8b39b42cbf4e.js", "rest_framework\\js\\bootstrap.min.js": "rest_framework\\js\\bootstrap.min.5869c96cc8f1.js", "rest_framework\\js\\csrf.js": "rest_framework\\js\\csrf.753b7a1f2ee7.js", "rest_framework\\js\\default.js": "rest_framework\\js\\default.b846d7d305c9.js", "rest_framework\\js\\jquery-1.12.4.min.js": "rest_framework\\js\\jquery-1.12.4.min.4f252523d4af.js", "rest_framework\\js\\prettify-min.js": "rest_framework\\js\\prettify-min.709bfcc456c6.js", "real_effort\\paragraphs\\1.png": "real_effort\\paragraphs\\1.3bdeded1b8b0.png", "real_effort\\paragraphs\\2.png": "real_effort\\paragraphs\\2.5dc474f72677.png", "vickrey_auction\\jquery-ui\\jquery-ui.min.css": "vickrey_auction/jquery-ui/jquery-ui.min.f14a0cb1e18d.css", "vickrey_auction\\jquery-ui\\jquery-ui.min.js": "vickrey_auction\\jquery-ui\\jquery-ui.min.6d8159b4eb90.js", "quiz\\form_A\\FA_E1.jpg": "quiz\\form_A\\FA_E1.1b2e2afd9180.jpg", "quiz\\form_A\\FA_E10.jpg": "quiz\\form_A\\FA_E10.14bee1728d10.jpg", "quiz\\form_A\\FA_E10R.jpg": "quiz\\form_A\\FA_E10R.166bb5298570.jpg", "quiz\\form_A\\FA_E11.jpg": "quiz\\form_A\\FA_E11.7ac4f6e9b5d5.jpg", "quiz\\form_A\\FA_E11R.jpg": "quiz\\form_A\\FA_E11R.aee62ac99ad7.jpg", "quiz\\form_A\\FA_E12.jpg": "quiz\\form_A\\FA_E12.489c1855a5dc.jpg", "quiz\\form_A\\FA_E12R.jpg": "quiz\\form_A\\FA_E12R.49b778061679.jpg", "quiz\\form_A\\FA_E13.jpg": "quiz\\form_A\\FA_E13.9c1ebb8edb64.jpg", "quiz\\form_A\\FA_E13R.jpg": "quiz\\form_A\\FA_E13R.0c9dcb0bc097.jpg", "quiz\\form_A\\FA_E14.jpg": "quiz\\form_A\\FA_E14.b48b72d8b5eb.jpg", "quiz\\form_A\\FA_E14R.jpg": "quiz\\form_A\\FA_E14R.f3f6ac15987f.jpg", "quiz\\form_A\\FA_E15.jpg": "quiz\\form_A\\FA_E15.2df91b88c30b.jpg", "quiz\\form_A\\FA_E15R.jpg": "quiz\\form_A\\FA_E15R.41ea3f1b5624.jpg", "quiz\\form_A\\FA_E16.jpg": "quiz\\form_A\\FA_E16.c1e0e9d3630d.jpg", "quiz\\form_A\\FA_E16R.jpg": "quiz\\form_A\\FA_E16R.5cf26cf77b8d.jpg", "quiz\\form_A\\FA_E17.jpg": "quiz\\form_A\\FA_E17.4bfad01a61f0.jpg", "quiz\\form_A\\FA_E17R.jpg": "quiz\\form_A\\FA_E17R.11ce31710062.jpg", "quiz\\form_A\\FA_E18.jpg": "quiz\\form_A\\FA_E18.c7b680b3cbcc.jpg", "quiz\\form_A\\FA_E18R.jpg": "quiz\\form_A\\FA_E18R.760e7d45a46f.jpg", "quiz\\form_A\\FA_E19.jpg": "quiz\\form_A\\FA_E19.58f53e725b59.jpg", "quiz\\form_A\\FA_E19R.jpg": "quiz\\form_A\\FA_E19R.e3b9828d2359.jpg", "quiz\\form_A\\FA_E1R.jpg": "quiz\\form_A\\FA_E1R.6de8364e2e2d.jpg", "quiz\\form_A\\FA_E2.jpg": "quiz\\form_A\\FA_E2.1d2ecbdeb2a5.jpg", "quiz\\form_A\\FA_E20.jpg": "quiz\\form_A\\FA_E20.a5489945bf95.jpg", "quiz\\form_A\\FA_E20R.jpg": "quiz\\form_A\\FA_E20R.c6ac93894e69.jpg", "quiz\\form_A\\FA_E21.jpg": "quiz\\form_A\\FA_E21.d890e01c96be.jpg", "quiz\\form_A\\FA_E21R.jpg": "quiz\\form_A\\FA_E21R.68ab8c9c3e06.jpg", "quiz\\form_A\\FA_E22.jpg": "quiz\\form_A\\FA_E22.86fc0d8aa7f3.jpg", "quiz\\form_A\\FA_E22R.jpg": "quiz\\form_A\\FA_E22R.7c3290cb0206.jpg", "quiz\\form_A\\FA_E23.jpg": "quiz\\form_A\\FA_E23.6397143bd3b0.jpg", "quiz\\form_A\\FA_E23R.jpg": "quiz\\form_A\\FA_E23R.446636b16704.jpg", "quiz\\form_A\\FA_E24.jpg": "quiz\\form_A\\FA_E24.bae1d8b56027.jpg", "quiz\\form_A\\FA_E24R.jpg": "quiz\\form_A\\FA_E24R.116f7415a393.jpg", "quiz\\form_A\\FA_E25.jpg": "quiz\\form_A\\FA_E25.a0763179cfe3.jpg", "quiz\\form_A\\FA_E25R.jpg": "quiz\\form_A\\FA_E25R.22a2a73f951f.jpg", "quiz\\form_A\\FA_E26.jpg": "quiz\\form_A\\FA_E26.2e86920ffa93.jpg", "quiz\\form_A\\FA_E26R.jpg": "quiz\\form_A\\FA_E26R.2399115f1e8f.jpg", "quiz\\form_A\\FA_E27.jpg": "quiz\\form_A\\FA_E27.721985b3d35e.jpg", "quiz\\form_A\\FA_E27R.jpg": "quiz\\form_A\\FA_E27R.63a5d1a3d718.jpg", "quiz\\form_A\\FA_E28.jpg": "quiz\\form_A\\FA_E28.e4c6cf7f2dd7.jpg", "quiz\\form_A\\FA_E28R.jpg": "quiz\\form_A\\FA_E28R.1ee0a90d86d6.jpg", "quiz\\form_A\\FA_E29.jpg": "quiz\\form_A\\FA_E29.b79dcfe3d5df.jpg", "quiz\\form_A\\FA_E29R.jpg": "quiz\\form_A\\FA_E29R.2c15a5960c43.jpg", "quiz\\form_A\\FA_E2R.jpg": "quiz\\form_A\\FA_E2R.c670de988271.jpg", "quiz\\form_A\\FA_E3.jpg": "quiz\\form_A\\FA_E3.964e9536eefc.jpg", "quiz\\form_A\\FA_E3R.jpg": "quiz\\form_A\\FA_E3R.880a569f4adf.jpg", "quiz\\form_A\\FA_E4.jpg": "quiz\\form_A\\FA_E4.91ea44ca1ab7.jpg", "quiz\\form_A\\FA_E4R.jpg": "quiz\\form_A\\FA_E4R.b759b108544b.jpg", "quiz\\form_A\\FA_E5.jpg": "quiz\\form_A\\FA_E5.b73fc10335cb.jpg", "quiz\\form_A\\FA_E5R.jpg": "quiz\\form_A\\FA_E5R.f55b2cc9cdd0.jpg", "quiz\\form_A\\FA_E6.jpg": "quiz\\form_A\\FA_E6.078c6a9c0fc5.jpg", "quiz\\form_A\\FA_E6R.jpg": "quiz\\form_A\\FA_E6R.8538ccf97c2b.jpg", "quiz\\form_A\\FA_E7.jpg": "quiz\\form_A\\FA_E7.eb2410a07b8f.jpg", "quiz\\form_A\\FA_E7R.jpg": "quiz\\form_A\\FA_E7R.fe4facddd47e.jpg", "quiz\\form_A\\FA_E8.jpg": "quiz\\form_A\\FA_E8.8c7b2dd17ff7.jpg", "quiz\\form_A\\FA_E8R.jpg": "quiz\\form_A\\FA_E8R.9e2ab3607dae.jpg", "quiz\\form_A\\FA_E9.jpg": "quiz\\form_A\\FA_E9.97de07dbcc62.jpg", "quiz\\form_A\\FA_E9R.jpg": "quiz\\form_A\\FA_E9R.ae847a139b9f.jpg", "quiz\\form_B\\1.jpg": "quiz\\form_B\\1.e9b8e993532b.jpg", "quiz\\form_B\\10.jpg": "quiz\\form_B\\10.711fcc8babcd.jpg", "quiz\\form_B\\10R.jpg": "quiz\\form_B\\10R.e69abef9e241.jpg", "quiz\\form_B\\11.jpg": "quiz\\form_B\\11.dba66733df3e.jpg", "quiz\\form_B\\11R.jpg": "quiz\\form_B\\11R.f64f1ecf5646.jpg", "quiz\\form_B\\12.jpg": "quiz\\form_B\\12.2d1f287c2c9e.jpg", "quiz\\form_B\\12R.jpg": "quiz\\form_B\\12R.9d440bb44673.jpg", "quiz\\form_B\\13.jpg": "quiz\\form_B\\13.1499a27ca2f5.jpg", "quiz\\form_B\\13R.jpg": "quiz\\form_B\\13R.78c819f207e1.jpg", "quiz\\form_B\\14.jpg": "quiz\\form_B\\14.901e8576ded9.jpg", "quiz\\form_B\\14R.jpg": "quiz\\form_B\\14R.269e5a35b320.jpg", "quiz\\form_B\\15.jpg": "quiz\\form_B\\15.86bd6a96043d.jpg", "quiz\\form_B\\15R.jpg": "quiz\\form_B\\15R.d5c7c8201686.jpg", "quiz\\form_B\\16.jpg": "quiz\\form_B\\16.b9b936e92907.jpg", "quiz\\form_B\\16R.jpg": "quiz\\form_B\\16R.6b876501c96a.jpg", "quiz\\form_B\\17.jpg": "quiz\\form_B\\17.dacd3dc9e6bf.jpg", "quiz\\form_B\\17R.jpg": "quiz\\form_B\\17R.3ad8f7ac23df.jpg", "quiz\\form_B\\18.jpg": "quiz\\form_B\\18.bc1cb29f22a0.jpg", "quiz\\form_B\\18R.jpg": "quiz\\form_B\\18R.66260246c2d8.jpg", "quiz\\form_B\\19.jpg": "quiz\\form_B\\19.4dd801be99e3.jpg", "quiz\\form_B\\19R.jpg": "quiz\\form_B\\19R.434ff015a08a.jpg", "quiz\\form_B\\1R.jpg": "quiz\\form_B\\1R.17ad7dd838ac.jpg", "quiz\\form_B\\2.jpg": "quiz\\form_B\\2.92b6ce7abd2c.jpg", "quiz\\form_B\\20.jpg": "quiz\\form_B\\20.494a8d089dc5.jpg", "quiz\\form_B\\20R.jpg": "quiz\\form_B\\20R.31f5607de9ce.jpg", "quiz\\form_B\\21.jpg": "quiz\\form_B\\21.5c7115f59d61.jpg", "quiz\\form_B\\21R.jpg": "quiz\\form_B\\21R.a6e768a73f84.jpg", "quiz\\form_B\\22.jpg": "quiz\\form_B\\22.cc8767e18ba5.jpg", "quiz\\form_B\\22R.jpg": "quiz\\form_B\\22R.c6ab50f4b103.jpg", "quiz\\form_B\\23.jpg": "quiz\\form_B\\23.601923a38db3.jpg", "quiz\\form_B\\23R.jpg": "quiz\\form_B\\23R.d4cc44f9d5b2.jpg", "quiz\\form_B\\24.jpg": "quiz\\form_B\\24.62b77ba9db1a.jpg", "quiz\\form_B\\24R.jpg": "quiz\\form_B\\24R.622be2265bdd.jpg", "quiz\\form_B\\25.jpg": "quiz\\form_B\\25.8d9255aed146.jpg", "quiz\\form_B\\25R.jpg": "quiz\\form_B\\25R.009f23b23ef0.jpg", "quiz\\form_B\\26.jpg": "quiz\\form_B\\26.0e7667b9db57.jpg", "quiz\\form_B\\26R.jpg": "quiz\\form_B\\26R.5ed84730737f.jpg", "quiz\\form_B\\27.jpg": "quiz\\form_B\\27.290344b26c25.jpg", "quiz\\form_B\\27R.jpg": "quiz\\form_B\\27R.dba27e813907.jpg", "quiz\\form_B\\28.jpg": "quiz\\form_B\\28.80b144720211.jpg", "quiz\\form_B\\28R.jpg": "quiz\\form_B\\28R.4ed8065bba10.jpg", "quiz\\form_B\\29.jpg": "quiz\\form_B\\29.b409c77856f8.jpg", "quiz\\form_B\\29R.jpg": "quiz\\form_B\\29R.1bb2accd25d6.jpg", "quiz\\form_B\\2R.jpg": "quiz\\form_B\\2R.80223cc11fe1.jpg", "quiz\\form_B\\3.jpg": "quiz\\form_B\\3.676989c7f9a0.jpg", "quiz\\form_B\\3R.jpg": "quiz\\form_B\\3R.85e24075357e.jpg", "quiz\\form_B\\4.jpg": "quiz\\form_B\\4.da54fe16d0a8.jpg", "quiz\\form_B\\4R.jpg": "quiz\\form_B\\4R.17effa31b8cd.jpg", "quiz\\form_B\\5.jpg": "quiz\\form_B\\5.cca7d39ea5d8.jpg", "quiz\\form_B\\5R.jpg": "quiz\\form_B\\5R.8b552ca6de52.jpg", "quiz\\form_B\\6.jpg": "quiz\\form_B\\6.c9f1b5c81250.jpg", "quiz\\form_B\\6R.jpg": "quiz\\form_B\\6R.2271d3f87fba.jpg", "quiz\\form_B\\7.jpg": "quiz\\form_B\\7.f341ddf8cea9.jpg", "quiz\\form_B\\7R.jpg": "quiz\\form_B\\7R.9bb03d4fd019.jpg", "quiz\\form_B\\8.jpg": "quiz\\form_B\\8.445f2733746b.jpg", "quiz\\form_B\\8R.jpg": "quiz\\form_B\\8R.14967b7a4e5c.jpg", "quiz\\form_B\\9.jpg": "quiz\\form_B\\9.c937932ff935.jpg", "quiz\\form_B\\9R.jpg": "quiz\\form_B\\9R.ffa5e956a537.jpg", "global\\instructions.css": "global/instructions.217999075957.css", "global\\matrix.css": "global/matrix.2d6ade6b45f0.css", "css\\stylesheet.css": "css/stylesheet.633568f14600.css", "jQuery\\jquery-1.10.2.js": "jQuery\\jquery-1.10.2.91515770ce8c.js", "jQuery\\jquery-2.0.2.min.js": "jQuery\\jquery-2.0.2.min.45b39185ca58.js", "jQuery\\jquery-3.1.1.min.js": "jQuery\\jquery-3.1.1.min.e071abda8fe6.js", "Table\\00000000.png": "Table\\00000000.d730c079d57b.png", "Table\\00000001.png": "Table\\00000001.46ec4611923e.png", "Table\\00000010.png": "Table\\00000010.5e91f83c1770.png", "Table\\00000011.png": "Table\\00000011.e09f61c720f3.png", "Table\\00000100.png": "Table\\00000100.869c9d6b45de.png", "Table\\00000101.png": "Table\\00000101.1148a8ffa7da.png", "Table\\00000110.png": "Table\\00000110.77c01454aa21.png", "Table\\00000111.png": "Table\\00000111.bd3913f85c37.png", "Table\\00001000.png": "Table\\00001000.f6e351b51e4a.png", "Table\\00001001.png": "Table\\00001001.78d9bf56d81c.png", "Table\\00001010.png": "Table\\00001010.e3f8f8e43498.png", "Table\\00001011.png": "Table\\00001011.f58d11fe9345.png", "Table\\00001100.png": "Table\\00001100.d1936e8016d8.png", "Table\\00001101.png": "Table\\00001101.4376d490a114.png", "Table\\00001110.png": "Table\\00001110.28e2c2ced0ee.png", "Table\\00001111.png": "Table\\00001111.b192dbcc0333.png", "Table\\00010000.png": "Table\\00010000.ca0604d0f574.png", "Table\\00010001.png": "Table\\00010001.b78362330c6a.png", "Table\\00010010.png": "Table\\00010010.80edf67d179c.png", "Table\\00010011.png": "Table\\00010011.37bc99312bcc.png", "Table\\00010100.png": "Table\\00010100.8cd39581fd5f.png", "Table\\00010101.png": "Table\\00010101.dce1e17f1e4a.png", "Table\\00010110.png": "Table\\00010110.57659bca24b1.png", "Table\\00010111.png": "Table\\00010111.86f02b67a198.png", "Table\\00011000.png": "Table\\00011000.42a82ff973a2.png", "Table\\00011001.png": "Table\\00011001.ea689df2c88d.png", "Table\\00011010.png": "Table\\00011010.8d18b6e3acc1.png", "Table\\00011011.png": "Table\\00011011.d6ad28c2087e.png", "Table\\00011100.png": "Table\\00011100.66938dd0c234.png", "Table\\00011101.png": "Table\\00011101.2df9d6b51f45.png", "Table\\00011110.png": "Table\\00011110.636bcbd5c0f8.png", "Table\\00011111.png": "Table\\00011111.94fb103e0855.png", "Table\\00100000.png": "Table\\00100000.4a85d66c09f7.png", "Table\\00100001.png": "Table\\00100001.4ecc59b9c156.png", "Table\\00100010.png": "Table\\00100010.487924f98824.png", "Table\\00100011.png": "Table\\00100011.817678337a29.png", "Table\\00100100.png": "Table\\00100100.7ca02cb02a73.png", "Table\\00100101.png": "Table\\00100101.79a70517d037.png", "Table\\00100110.png": "Table\\00100110.fd94aa347e6b.png", "Table\\00100111.png": "Table\\00100111.98eeb4963234.png", "Table\\00101000.png": "Table\\00101000.669e17797d9c.png", "Table\\00101001.png": "Table\\00101001.6965c4e91423.png", "Table\\00101010.png": "Table\\00101010.fb655886bf61.png", "Table\\00101011.png": "Table\\00101011.651efe1997de.png", "Table\\00101100.png": "Table\\00101100.b73e03778f22.png", "Table\\00101101.png": "Table\\00101101.4aa753557335.png", "Table\\00101110.png": "Table\\00101110.27fa730fad2b.png", "Table\\00101111.png": "Table\\00101111.52b4bbd6ed61.png", "Table\\00110000.png": "Table\\00110000.1b937e21cb79.png", "Table\\00110001.png": "Table\\00110001.8507b0d0793b.png", "Table\\00110010.png": "Table\\00110010.61d0a08fc30a.png", "Table\\00110011.png": "Table\\00110011.687f7e2a9ebe.png", "Table\\00110100.png": "Table\\00110100.8eb88b293177.png", "Table\\00110101.png": "Table\\00110101.c2a1fcb932c0.png", "Table\\00110110.png": "Table\\00110110.c70c550933b7.png", "Table\\00110111.png": "Table\\00110111.fdbeb7fa43da.png", "Table\\00111000.png": "Table\\00111000.49e549bdc9ab.png", "Table\\00111001.png": "Table\\00111001.f2e3bcd7a036.png", "Table\\00111010.png": "Table\\00111010.4d25f726f37f.png", "Table\\00111011.png": "Table\\00111011.04c3d9311e8b.png", "Table\\00111100.png": "Table\\00111100.f3f45a3313db.png", "Table\\00111101.png": "Table\\00111101.a54976298468.png", "Table\\00111110.png": "Table\\00111110.7ea5f95c6b02.png", "Table\\00111111.png": "Table\\00111111.2979a1ff17fb.png", "Table\\01000000.png": "Table\\01000000.198f6a0df775.png", "Table\\01000001.png": "Table\\01000001.476d3fbdae9e.png", "Table\\01000010.png": "Table\\01000010.07367a2e9b19.png", "Table\\01000011.png": "Table\\01000011.036f72c8a274.png", "Table\\01000100.png": "Table\\01000100.6ea0fbd29f3d.png", "Table\\01000101.png": "Table\\01000101.8db06fffdbef.png", "Table\\01000110.png": "Table\\01000110.185ef79119f5.png", "Table\\01000111.png": "Table\\01000111.1dddc219c0f8.png", "Table\\01001000.png": "Table\\01001000.87722c6fe27d.png", "Table\\01001001.png": "Table\\01001001.2ff39a249e15.png", "Table\\01001010.png": "Table\\01001010.986eed31081b.png", "Table\\01001011.png": "Table\\01001011.79316bd441c5.png", "Table\\01001100.png": "Table\\01001100.16277c9352a1.png", "Table\\01001101.png": "Table\\01001101.81536468e508.png", "Table\\01001110.png": "Table\\01001110.809afbca25cf.png", "Table\\01001111.png": "Table\\01001111.7fd05d249173.png", "Table\\01010000.png": "Table\\01010000.37606d37331e.png", "Table\\01010001.png": "Table\\01010001.b3463bdff7ca.png", "Table\\01010010.png": "Table\\01010010.ec3c64153cc0.png", "Table\\01010011.png": "Table\\01010011.88839a542f0d.png", "Table\\01010100.png": "Table\\01010100.1035078a126d.png", "Table\\01010101.png": "Table\\01010101.2d4c95397cf4.png", "Table\\01010110.png": "Table\\01010110.6d3b0806c1b1.png", "Table\\01010111.png": "Table\\01010111.fa7ab4172191.png", "Table\\01011000.png": "Table\\01011000.13e4916a0a0d.png", "Table\\01011001.png": "Table\\01011001.0ef39632b2a7.png", "Table\\01011010.png": "Table\\01011010.eb1e9c9595f6.png", "Table\\01011011.png": "Table\\01011011.93bd5e794f1e.png", "Table\\01011100.png": "Table\\01011100.eb3ca02885e0.png", "Table\\01011101.png": "Table\\01011101.89d36ae53b87.png", "Table\\01011110.png": "Table\\01011110.eb18586f8b42.png", "Table\\01011111.png": "Table\\01011111.8830f29c495e.png", "Table\\01100000.png": "Table\\01100000.4a5bf4501543.png", "Table\\01100001.png": "Table\\01100001.c69f682f0eba.png", "Table\\01100010.png": "Table\\01100010.2c3efc7a516e.png", "Table\\01100011.png": "Table\\01100011.cc0748b79cd1.png", "Table\\01100100.png": "Table\\01100100.e2f17c367392.png", "Table\\01100101.png": "Table\\01100101.4a20453a7b68.png", "Table\\01100110.png": "Table\\01100110.80e23c0eca84.png", "Table\\01100111.png": "Table\\01100111.8b455becb004.png", "Table\\01101000.png": "Table\\01101000.840abddf0200.png", "Table\\01101001.png": "Table\\01101001.e16f9dae9e29.png", "Table\\01101010.png": "Table\\01101010.c388a360d872.png", "Table\\01101011.png": "Table\\01101011.4af594b2ae96.png", "Table\\01101100.png": "Table\\01101100.7aebb75404ce.png", "Table\\01101101.png": "Table\\01101101.68c5c89b9eeb.png", "Table\\01101110.png": "Table\\01101110.3ec1ae5c372a.png", "Table\\01101111.png": "Table\\01101111.4130cc686985.png", "Table\\01110000.png": "Table\\01110000.f8024ad98e73.png", "Table\\01110001.png": "Table\\01110001.f82d4e0ae83f.png", "Table\\01110010.png": "Table\\01110010.98a8ea710a67.png", "Table\\01110011.png": "Table\\01110011.38d8a9d94142.png", "Table\\01110100.png": "Table\\01110100.9c80e50e16ba.png", "Table\\01110101.png": "Table\\01110101.bfb328192166.png", "Table\\01110110.png": "Table\\01110110.886a69776800.png", "Table\\01110111.png": "Table\\01110111.b15896bc2f8a.png", "Table\\01111000.png": "Table\\01111000.0ae39a1f04b1.png", "Table\\01111001.png": "Table\\01111001.2a6363aaf81f.png", "Table\\01111010.png": "Table\\01111010.6ce1fb5e3576.png", "Table\\01111011.png": "Table\\01111011.cdf058ef91ee.png", "Table\\01111100.png": "Table\\01111100.30ed7fac95a6.png", "Table\\01111101.png": "Table\\01111101.e7d3ef0c95c6.png", "Table\\01111110.png": "Table\\01111110.83cffe2e8b44.png", "Table\\01111111.png": "Table\\01111111.f59f54766bbc.png", "Table\\10000000.png": "Table\\10000000.b0fb84083ad6.png", "Table\\10000001.png": "Table\\10000001.da905cec5b0e.png", "Table\\10000010.png": "Table\\10000010.9e8c29b284dd.png", "Table\\10000011.png": "Table\\10000011.874a38af2f32.png", "Table\\10000100.png": "Table\\10000100.dc8d2f647fb6.png", "Table\\10000101.png": "Table\\10000101.f4c2cac285b3.png", "Table\\10000110.png": "Table\\10000110.6dbf2c45600d.png", "Table\\10000111.png": "Table\\10000111.6a926a7dae48.png", "Table\\10001000.png": "Table\\10001000.ab804bde9919.png", "Table\\10001001.png": "Table\\10001001.ab0162381154.png", "Table\\10001010.png": "Table\\10001010.7b7d15120fe9.png", "Table\\10001011.png": "Table\\10001011.9eaeee30c59d.png", "Table\\10001100.png": "Table\\10001100.513ce4a52616.png", "Table\\10001101.png": "Table\\10001101.ea117546394c.png", "Table\\10001110.png": "Table\\10001110.8911f01cc53a.png", "Table\\10001111.png": "Table\\10001111.122c6aad5e3a.png", "Table\\10010000.png": "Table\\10010000.894ee3c5bcc5.png", "Table\\10010001.png": "Table\\10010001.3b7ef6808e20.png", "Table\\10010010.png": "Table\\10010010.66e9c1306475.png", "Table\\10010011.png": "Table\\10010011.f9948501f0a6.png", "Table\\10010100.png": "Table\\10010100.90a072d16763.png", "Table\\10010101.png": "Table\\10010101.0682ee3ae767.png", "Table\\10010110.png": "Table\\10010110.665a817399da.png", "Table\\10010111.png": "Table\\10010111.cf3075c82a26.png", "Table\\10011000.png": "Table\\10011000.b0eee6f5aa48.png", "Table\\10011001.png": "Table\\10011001.6b1ae594365c.png", "Table\\10011010.png": "Table\\10011010.854623333f12.png", "Table\\10011011.png": "Table\\10011011.34f5bafce3fd.png", "Table\\10011100.png": "Table\\10011100.8e745f51d752.png", "Table\\10011101.png": "Table\\10011101.9f019fc9fe56.png", "Table\\10011110.png": "Table\\10011110.a9276dfb2bf3.png", "Table\\10011111.png": "Table\\10011111.f984f9a74233.png", "Table\\10100000.png": "Table\\10100000.1c1b255ee1bb.png", "Table\\10100001.png": "Table\\10100001.260b7829460b.png", "Table\\10100010.png": "Table\\10100010.cbe80951968e.png", "Table\\10100011.png": "Table\\10100011.64b291925a00.png", "Table\\10100100.png": "Table\\10100100.a67d8662aae3.png", "Table\\10100101.png": "Table\\10100101.f8b0cf881c41.png", "Table\\10100110.png": "Table\\10100110.69995c8c35d4.png", "Table\\10100111.png": "Table\\10100111.1a249539ad5b.png", "Table\\10101000.png": "Table\\10101000.b4ea63b6e208.png", "Table\\10101001.png": "Table\\10101001.8027e8d7367f.png", "Table\\10101010.png": "Table\\10101010.cbb841bf8a08.png", "Table\\10101011.png": "Table\\10101011.ae09ecdc844a.png", "Table\\10101100.png": "Table\\10101100.f2aa96749ac5.png", "Table\\10101101.png": "Table\\10101101.9b2ec8ea4e08.png", "Table\\10101110.png": "Table\\10101110.ad2d4fec87f7.png", "Table\\10101111.png": "Table\\10101111.8b76eb67c84a.png", "Table\\10110000.png": "Table\\10110000.9e11e442c1cd.png", "Table\\10110001.png": "Table\\10110001.80632827938e.png", "Table\\10110010.png": "Table\\10110010.32728340e865.png", "Table\\10110011.png": "Table\\10110011.bf59176d6ea3.png", "Table\\10110100.png": "Table\\10110100.f3700b0d5906.png", "Table\\10110101.png": "Table\\10110101.99d0e44dd4fa.png", "Table\\10110110.png": "Table\\10110110.a3a6b8934808.png", "Table\\10110111.png": "Table\\10110111.a2dc660f2cb1.png", "Table\\10111000.png": "Table\\10111000.757d0b28e57d.png", "Table\\10111001.png": "Table\\10111001.05ee121d7d66.png", "Table\\10111010.png": "Table\\10111010.1b0be21f565d.png", "Table\\10111011.png": "Table\\10111011.8e150671fdf8.png", "Table\\10111100.png": "Table\\10111100.241536e17044.png", "Table\\10111101.png": "Table\\10111101.7b9006695ce9.png", "Table\\10111110.png": "Table\\10111110.94076e393471.png", "Table\\10111111.png": "Table\\10111111.bfc164e692e7.png", "Table\\11000000.png": "Table\\11000000.5d8032327397.png", "Table\\11000001.png": "Table\\11000001.4c5f128e7a62.png", "Table\\11000010.png": "Table\\11000010.cb9023545e41.png", "Table\\11000011.png": "Table\\11000011.cf80e5b36c3c.png", "Table\\11000100.png": "Table\\11000100.2fbaf61f6262.png", "Table\\11000101.png": "Table\\11000101.56799aff4d32.png", "Table\\11000110.png": "Table\\11000110.0936a9655efa.png", "Table\\11000111.png": "Table\\11000111.a8110c378a08.png", "Table\\11001000.png": "Table\\11001000.96f75958a676.png", "Table\\11001001.png": "Table\\11001001.0ffe6a6648e6.png", "Table\\11001010.png": "Table\\11001010.fe5bc4d54f90.png", "Table\\11001011.png": "Table\\11001011.1b45868c812a.png", "Table\\11001100.png": "Table\\11001100.367e20b68075.png", "Table\\11001101.png": "Table\\11001101.f265a544a35a.png", "Table\\11001110.png": "Table\\11001110.a3498ef2ee9f.png", "Table\\11001111.png": "Table\\11001111.43246c51175a.png", "Table\\11010000.png": "Table\\11010000.f710841e44ea.png", "Table\\11010001.png": "Table\\11010001.d144b62f53be.png", "Table\\11010010.png": "Table\\11010010.d67405744764.png", "Table\\11010011.png": "Table\\11010011.c1b61369153a.png", "Table\\11010100.png": "Table\\11010100.0db55a9c48ed.png", "Table\\11010101.png": "Table\\11010101.ecbdb544e7f0.png", "Table\\11010110.png": "Table\\11010110.c6decafe4620.png", "Table\\11010111.png": "Table\\11010111.9d0ba9a4452b.png", "Table\\11011000.png": "Table\\11011000.fcc74df991c6.png", "Table\\11011001.png": "Table\\11011001.47b18a4443fb.png", "Table\\11011010.png": "Table\\11011010.26ee018ff826.png", "Table\\11011011.png": "Table\\11011011.956d163ed15f.png", "Table\\11011100.png": "Table\\11011100.20b888c118ed.png", "Table\\11011101.png": "Table\\11011101.63e08113287e.png", "Table\\11011110.png": "Table\\11011110.21e41cd8d59e.png", "Table\\11011111.png": "Table\\11011111.e24ab16ee46d.png", "Table\\11100000.png": "Table\\11100000.e68fce9045e9.png", "Table\\11100001.png": "Table\\11100001.70c769d50fe7.png", "Table\\11100010.png": "Table\\11100010.622b9e16daab.png", "Table\\11100011.png": "Table\\11100011.01234ccac0b3.png", "Table\\11100100.png": "Table\\11100100.e32df7085ea4.png", "Table\\11100101.png": "Table\\11100101.b923a925a800.png", "Table\\11100110.png": "Table\\11100110.83509612767b.png", "Table\\11100111.png": "Table\\11100111.4dc7ffcfbe94.png", "Table\\11101000.png": "Table\\11101000.505867a3e7af.png", "Table\\11101001.png": "Table\\11101001.11dfed7b51ae.png", "Table\\11101010.png": "Table\\11101010.38e4273edf16.png", "Table\\11101011.png": "Table\\11101011.1e6a93a2d8fe.png", "Table\\11101100.png": "Table\\11101100.f9565c61cbbe.png", "Table\\11101101.png": "Table\\11101101.12efbbd763d8.png", "Table\\11101110.png": "Table\\11101110.94557b0a0c78.png", "Table\\11101111.png": "Table\\11101111.e0b1682b7714.png", "Table\\11110000.png": "Table\\11110000.35314ed00264.png", "Table\\11110001.png": "Table\\11110001.606bf6ff93db.png", "Table\\11110010.png": "Table\\11110010.593646d5ccc6.png", "Table\\11110011.png": "Table\\11110011.680c672e673c.png", "Table\\11110100.png": "Table\\11110100.a9997af5bca1.png", "Table\\11110101.png": "Table\\11110101.e255dfa83d7a.png", "Table\\11110110.png": "Table\\11110110.1f0ac0a622ab.png", "Table\\11110111.png": "Table\\11110111.4e900a681c6a.png", "Table\\11111000.png": "Table\\11111000.d3d01e027a44.png", "Table\\11111001.png": "Table\\11111001.c89ab2f26c52.png", "Table\\11111010.png": "Table\\11111010.3cdd3dc032cd.png", "Table\\11111011.png": "Table\\11111011.34331b3661cb.png", "Table\\11111100.png": "Table\\11111100.9a25cd97be4a.png", "Table\\11111101.png": "Table\\11111101.099f977079a2.png", "Table\\11111110.png": "Table\\11111110.9255663864ea.png", "Table\\11111111.png": "Table\\11111111.7b79f7f07bad.png", "Table\\Blank.jpg": "Table\\Blank.fcff2d002c7f.jpg", "Table\\circle-check.svg": "Table\\circle-check.d6d87ec87d39.svg", "vickrey_auction\\README.md": "vickrey_auction\\README.d784fa8b6d98.md", "quiz\\1.jpg": "quiz\\1.1b2e2afd9180.jpg", "quiz\\10.jpg": "quiz\\10.14bee1728d10.jpg", "quiz\\10R.jpg": "quiz\\10R.166bb5298570.jpg", "quiz\\11.jpg": "quiz\\11.7ac4f6e9b5d5.jpg", "quiz\\11R.jpg": "quiz\\11R.aee62ac99ad7.jpg", "quiz\\12.jpg": "quiz\\12.489c1855a5dc.jpg", "quiz\\12R.jpg": "quiz\\12R.49b778061679.jpg", "quiz\\13.jpg": "quiz\\13.9c1ebb8edb64.jpg", "quiz\\13R.jpg": "quiz\\13R.0c9dcb0bc097.jpg", "quiz\\14.jpg": "quiz\\14.b48b72d8b5eb.jpg", "quiz\\14R.jpg": "quiz\\14R.f3f6ac15987f.jpg", "quiz\\15.jpg": "quiz\\15.2df91b88c30b.jpg", "quiz\\15R.jpg": "quiz\\15R.41ea3f1b5624.jpg", "quiz\\16.jpg": "quiz\\16.c1e0e9d3630d.jpg", "quiz\\16R.jpg": "quiz\\16R.5cf26cf77b8d.jpg", "quiz\\17.jpg": "quiz\\17.4bfad01a61f0.jpg", "quiz\\17R.jpg": "quiz\\17R.11ce31710062.jpg", "quiz\\18.jpg": "quiz\\18.c7b680b3cbcc.jpg", "quiz\\18R.jpg": "quiz\\18R.760e7d45a46f.jpg", "quiz\\19.jpg": "quiz\\19.58f53e725b59.jpg", "quiz\\19R.jpg": "quiz\\19R.e3b9828d2359.jpg", "quiz\\1R.jpg": "quiz\\1R.6de8364e2e2d.jpg", "quiz\\2.jpg": "quiz\\2.1d2ecbdeb2a5.jpg", "quiz\\20.jpg": "quiz\\20.a5489945bf95.jpg", "quiz\\20R.jpg": "quiz\\20R.c6ac93894e69.jpg", "quiz\\21.jpg": "quiz\\21.d890e01c96be.jpg", "quiz\\21R.jpg": "quiz\\21R.68ab8c9c3e06.jpg", "quiz\\22.jpg": "quiz\\22.86fc0d8aa7f3.jpg", "quiz\\22R.jpg": "quiz\\22R.7c3290cb0206.jpg", "quiz\\23.jpg": "quiz\\23.6397143bd3b0.jpg", "quiz\\23R.jpg": "quiz\\23R.446636b16704.jpg", "quiz\\24.jpg": "quiz\\24.bae1d8b56027.jpg", "quiz\\24R.jpg": "quiz\\24R.116f7415a393.jpg", "quiz\\25.jpg": "quiz\\25.a0763179cfe3.jpg", "quiz\\25R.jpg": "quiz\\25R.22a2a73f951f.jpg", "quiz\\26.jpg": "quiz\\26.2e86920ffa93.jpg", "quiz\\26R.jpg": "quiz\\26R.2399115f1e8f.jpg", "quiz\\27.jpg": "quiz\\27.721985b3d35e.jpg", "quiz\\27R.jpg": "quiz\\27R.63a5d1a3d718.jpg", "quiz\\28.jpg": "quiz\\28.e4c6cf7f2dd7.jpg", "quiz\\28R.jpg": "quiz\\28R.1ee0a90d86d6.jpg", "quiz\\29.jpg": "quiz\\29.b79dcfe3d5df.jpg", "quiz\\29R.jpg": "quiz\\29R.2c15a5960c43.jpg", "quiz\\2R.jpg": "quiz\\2R.c670de988271.jpg", "quiz\\3.jpg": "quiz\\3.964e9536eefc.jpg", "quiz\\3R.jpg": "quiz\\3R.880a569f4adf.jpg", "quiz\\4.jpg": "quiz\\4.91ea44ca1ab7.jpg", "quiz\\4R.jpg": "quiz\\4R.b759b108544b.jpg", "quiz\\5.jpg": "quiz\\5.b73fc10335cb.jpg", "quiz\\5R.jpg": "quiz\\5R.f55b2cc9cdd0.jpg", "quiz\\6.jpg": "quiz\\6.078c6a9c0fc5.jpg", "quiz\\6R.jpg": "quiz\\6R.8538ccf97c2b.jpg", "quiz\\7.jpg": "quiz\\7.eb2410a07b8f.jpg", "quiz\\7R.jpg": "quiz\\7R.fe4facddd47e.jpg", "quiz\\8.jpg": "quiz\\8.8c7b2dd17ff7.jpg", "quiz\\8R.jpg": "quiz\\8R.9e2ab3607dae.jpg", "quiz\\9.jpg": "quiz\\9.97de07dbcc62.jpg", "quiz\\9R.jpg": "quiz\\9R.ae847a139b9f.jpg", "quiz\\Blank.jpg": "quiz\\Blank.fcff2d002c7f.jpg", "public_goods\\Vince.mp4": "public_goods/Vince.51b59fabc9e9.mp4", "robots.txt": "robots.6c0c0b02c59a.txt"}}